[
    {
        "id": "1", 
        "joined": "2000-12-02", 
        "name": "Connors McGregor", 
        "city": "Chandler", 
        "orderTotal": 9.9956,
        "orders": [
            {
                "id": 1,
                "product": "Shoes",
                "total": 9.9956
            }
        ]
    }, 
    {
        "id": "2", 
        "joined": "1965-01-25",
        "name": "Nate Diaz", 
        "city": "Las Vegas", 
        "orderTotal": 19.99,
        "orders": [
            {
                "id": 2,
                "product": "Baseball",
                "total": 9.995
            },
            {
                "id": 3,
                "product": "Bat",
                "total": 9.995
            }
        ]
    },
    {
        "id": "3", 
        "joined": "1944-06-15",
        "name": "Nick Diaz", 
        "city": "New York", 
        "orderTotal":44.99,
        "orders": [
            {
                "id": 4,
                "product": "Headphones",
                "total": 44.99
            }
        ]
    }, 
    {
        "id": "4", 
        "joined": "1995-03-28",
        "name": "Chad Mendis", 
        "city": "Seattle", 
        "orderTotal":101.50,
        "orders": [
            {
                "id": 5,
                "product": "Kindle",
                "total": 101.50
            }
        ]
    }
]